#{"t_start": 1561335581.6682682, "env_id": "Diplomacy_Negotiation-v0"}
r,l,t
190.0,41,86.719641
820.0,39,169.052578
640.0,39,246.183734
290.0,25,305.788269
600.0,39,384.812997
300.0,40,466.695454
150.0,40,548.416417
70.0,35,620.2833
640.0,39,704.146464
470.0,40,788.304796
120.0,27,844.421868
