#{"t_start": 1560013771.618015, "env_id": "Diplomacy_Negotiation-v0"}
r,l,t
-270.0,18,82.104604
20.0,41,164.827836
